"Col1","code","name"
"X1.Serial_No.Unique.sequence.number.discrete.numeric.8.2.494877.0.","1","Serial_No"
"X2.DeathType.Type.of.death.discrete.numeric.8.2.494877.0.","2","DeathType"
"X3.DeathYear.Year.of.death.discrete.numeric.8.2.494877.0.","3","DeathYear"
"X4.DeathMonth.Month.of.death.discrete.numeric.8.2.494877.0.","4","DeathMonth"
"X5.DeathDay.Day.of.death.discrete.numeric.8.2.494877.0.","5","DeathDay"
"X6.BirthYear.Year.of.birth.discrete.numeric.8.2.494877.0.","6","BirthYear"
"X7.BirthMonth.Month.of.birth.discrete.numeric.8.2.494877.0.","7","BirthMonth"
"X8.BirthDay.Day.of.birth.discrete.numeric.8.2.494877.0.","8","BirthDay"
"X9.AgeYear.Age.in.completed.years.discrete.numeric.8.2.494877.0.","9","AgeYear"
"X10.RegistrationYear.Year.of.death.registration","10","RegistrationYear"
"X11.RegistrationMonth.Month.of.death.registration.discrete.0.","11","RegistrationMonth"
"X12.RegistrationDay.Day.of.death.registration.discrete.0.","12","RegistrationDay"
"X13.Sex.Sex.of.deceased.discrete.0.","13","Sex"
"X14.MStatus.Marital.status.of.deceased.discrete.0.","14","MStatus"
"X15.Relationship.Relationship.of.informant.to.discrete.0.","15","Relationship"
"X16.NextKinSmoker.Next.of.kin.a.smoker.discrete.numeric.8.2.494877.0.","16","NextKinSmoker"
"X17.EduCode.Education.of.deceased.discrete.numeric.8.2.494877.0.","17","EduCode"
"X18.SubOccupation.Occupation.of.deceased.discrete.0.","18","SubOccupation"
"X19.OccupationGrp.Groups.of.occupation.of.discrete.0.","19","OccupationGrp"
"X20.Industry.Industry.of.deceased.numeric.8.2.494877","20","Industry"
"X21.Smoker.Smoking.status.of.deceased.numeric.8.2.494877","21","Smoker"
"X22.Pregnancy.Pregnant.status.of.deceased.numeric.8.2.494877","22","Pregnancy"
"X23.Citizenship.Citizenship.of.deceased.numeric.8.2.494877","23","Citizenship"
"X24.BirthProv.numeric.8.2.494877","24","BirthProv"
"X25.DeathProv.deceased","25","DeathProv"
"X26.ResProv.Province.of.usual.residence","26","ResProv"
"X27.ResCountry.Country.of.usual.residence.of.numeric.8.2.494877","27","ResCountry"
"X28.Ascertainment.deceased","28","Ascertainment"
"X29.DeathInst.numeric.8.2.494877","29","DeathInst"
"X30.CauseA.Immediate.cause.of.death","30","CauseA"
"X31.InjuryA.Injury.codes.for.the","31","InjuryA"
"X32.CauseB.Second.condition.leading.to.discrete","32","CauseB"
"X33.InjuryB.Injury.codes.for.the.second.discrete.character.3.494877.0.","33","InjuryB"
"X34.CauseC.Third.condition.leading.to.discrete.character.3.494877.0.","34","CauseC"
"X35.InjuryC.Injury.codes.for.the.third.discrete.character.3.494877.0.","35","InjuryC"
"X36.CauseD.Fourth.condition.leading.to.discrete.character.3.494877.0.","36","CauseD"
"X37.InjuryD.Injury.codes.for.the.fourth.discrete.character.3.494877.0.","37","InjuryD"
"X38.OtherCause.Other.conditions.leading.to.character.3.494877.0.","38","OtherCause"
"X39.OtherInjury.Injury.codes.for.other.character.3.494877.0.","39","OtherInjury"
"X40.Part2_CauseA.First.cause.provided.on.part.2.character.3.494877.0.","40","Part2_CauseA"
"X41.Part2_InjuryA.Injury.codes.for.first.cause.character.3.494877.0.","41","Part2_InjuryA"
"X42.Part2_CauseB.Second.cause.provided.character.3.494877.0.","42","Part2_CauseB"
"X43.Part2_InjuryB.Injury.codes.for.second.cause.character.3.494877.0.","43","Part2_InjuryB"
"X44.Underlyingcause.Underlying.cause.of.death.character.3.494877.0.","44","Underlyingcause"
"X45.Underlying_Broad_BGrorpad.groups.of.the","45","Underlying_Broad_BGrorpad"
"X46.Underlying_Main_GMrapin.groups.of.the.character.7.494877","46","Underlying_Main_GMrapin"
"X47.NaturalUnnatural.Natural.non.natural.character.8.494877","47","NaturalUnnatural"
"Notes.This.variable.is.derived.from.pasted.label.automatically.created.to.provide.a.unique.identifier.for.each.death.notification","Notes","This"
"Notes.Individual.death.is.a.death.that.occurred.any.time.after.a.live.birth.had.taken.place..Stillborn.is.the.intra.uterine.death.of.a","Notes","Individual"
"X1.Individual.death.480476.97.1.","1","Individual"
"X2.Stillborn.14401.2.9.","2","Stillborn"
"Notes.This.variable.refers.to.the.year.in.which.the.death.occurred.","Notes","This"
"X2012.2012.494877.100.0.","2012","2012"
"Notes.This.variable.provides.information.on.the.month.in.which.the.death.occurred.","Notes","This"
"X1.January.40926.8.3.","1","January"
"X2.February.37942","2","February"
"X3.March.39471.8.1.","3","March"
"X4.April.39955.8.4.","4","April"
"X5.May.41529.9.5.","5","May"
"X6.June.44068","6","June"
"X7.July.46857.7.9.","7","July"
"X8.August.46689.8.1.","8","August"
"X9.September.40036","9","September"
"X10.October.39136","10","October"
"X11.November.37938","11","November"
"X12.December.40330","12","December"
"Notes.This.variable.provides.information.on.the.day.in.which.the.death.occurred.","Notes","This"
"X11.16757.1.8..3.4.","11","16757"
"X22.16733.3.4.","22","16733"
"X33.16941.3.3.","33","16941"
"X44.16913.3.3.","44","16913"
"X55.16569.3.3.","55","16569"
"X66.16555.3.2.","66","16555"
"X77.16322.3.6.","77","16322"
"X88.16634.3.2.","88","16634"
"X99.16548.3.3.","99","16548"
"X10.10.16744.3.2.","10","10"
"X11.11.15999.3.3.","11","11"
"X12.12.17775.3.2.","12","12"
"X13.13.16190.3.2.","13","13"
"X14.14.15802.3.1.","14","14"
"X15.15.16134.3.1.","15","15"
"X16.16.16185.3.0.","16","16"
"X17.17.16157","17","17"
"X18.18.15752","18","18"
"X19.19.15846","19","19"
"X20.20.16093","20","20"
"X21.21.16005","21","21"
"X22.22.15974","22","22"
"X23.23.15854","23","23"
"X24.24.15679","24","24"
"X25.25.15957","25","25"
"X26.26.15421","26","26"
"X27.27.15772","27","27"
"X28.28.15454","28","28"
"X29.29.15934","29","29"
"X30.30.15033","30","30"
"X31.31.9145","31","31"
"Notes.This.variable.refers.to.the.year.in.which.the.deceased.was.born.","Notes","This"
"X1890.1890.1.0.0.","1890","1890"
"X1896.1896.1.0.0.","1896","1896"
"X1898.1898.1.0.0.","1898","1898"
"X1899.1899.6","1899","1899"
"X1900.1900.23","1900","1900"
"X1901.1901.31.0.0.","1901","1901"
"X1902.1902.19.0.0.","1902","1902"
"X1903.1903.11.0.0.","1903","1903"
"X1904.1904.33.0.0.","1904","1904"
"X1905.1905.14.0.0.","1905","1905"
"X1906.1906.35.0.0.","1906","1906"
"X1907.1907.27.0.0.","1907","1907"
"X1908.1908.32.0.0.","1908","1908"
"X1909.1909.79.0.0.","1909","1909"
"X1910.1910.217.0.0.","1910","1910"
"X1911.1911.139.0.0.","1911","1911"
"X1912.1912.447.0.0.","1912","1912"
"X1913.1913.288.0.1.","1913","1913"
"X1914.1914.910.0.1.","1914","1914"
"X1915.1915.544.0.2.","1915","1915"
"X1916.1916.756.0.1.","1916","1916"
"X1917.1917.823.0.2.","1917","1917"
"X1918.1918.2353.0.2.","1918","1918"
"X1919.1919.1658","1919","1919"
"X1920.1920.2953.0.5.","1920","1920"
"X1921.1921.2205.0.3.","1921","1921"
"X1922.1922.2448","1922","1922"
"X1923.1923.2500.0.6.","1923","1923"
"X1924.1924.3319.0.4.","1924","1924"
"X1925.1925.3605.0.5.","1925","1925"
"X1926.1926.3808.0.5.","1926","1926"
"X1927.1927.4003","1927","1927"
"X1928.1928.4816.0.7.","1928","1928"
"X1929.1929.5305.0.7.","1929","1929"
"X1930.1930.6983.0.8.","1930","1930"
"X1931.1931.4082.0.8.","1931","1931"
"X1932.1932.5510","1932","1932"
"X1933.1933.5308.1.0.","1933","1933"
"X1934.1934.5457.1.1.","1934","1934"
"X1935.1935.5177","1935","1935"
"X1936.1936.6271.1.4.","1936","1936"
"X1937.1937.5580.0.8.","1937","1937"
"X1938.1938.6244","1938","1938"
"X1939.1939.6206.1.1.","1939","1939"
"X1940.1940.7782.1.1.","1940","1940"
"X1941.1941.5195.1.1.","1941","1941"
"X1942.1942.6889.1.0.","1942","1942"
"X1943.1943.5797","1943","1943"
"X1944.1944.5577.1.2.","1944","1944"
"X1945.1945.5929.1.1.","1945","1945"
"X1946.1946.6137.1.2.","1946","1946"
"X1947.1947.6573.1.2.","1947","1947"
"X1948.1948.6738","1948","1948"
"X1949.1949.6770.1.3.","1949","1949"
"X1950.1950.7425.1.4.","1950","1950"
"X1951.1951.5702.1.4.","1951","1951"
"X1952.1952.7482.1.5.","1952","1952"
"X1953.1953.6550.1.2.","1953","1953"
"X1954.1954.6514.1.5.","1954","1954"
"X1955.1955.6163.1.3.","1955","1955"
"X1956.1956.6577.1.3.","1956","1956"
"X1957.1957.6487.1.2.","1957","1957"
"X1958.1958.7150.1.3.","1958","1958"
"X1959.1959.6282.1.3.","1959","1959"
"X1960.1960.6872.1.4.","1960","1960"
"X1961.1961.5684.1.3.","1961","1961"
"X1962.1962.6874.1.4.","1962","1962"
"X1963.1963.6933.1.1.","1963","1963"
"X1964.1964.6469.1.4.","1964","1964"
"X1965.1965.6383.1.4.","1965","1965"
"X1966.1966.6109.1.3.","1966","1966"
"X1967.1967.5783.1.3.","1967","1967"
"X1968.1968.7021.1.2.","1968","1968"
"X1969.1969.6349.1.2.","1969","1969"
"X1970.1970.7226.1.4.","1970","1970"
"X1971.1971.5742.1.3.","1971","1971"
"X1972.1972.7637.1.5.","1972","1972"
"X1973.1973.6904.1.2.","1973","1973"
"X1974.1974.7193.1.5.","1974","1974"
"X1975.1975.7294.1.4.","1975","1975"
"X1976.1976.6985.1.5.","1976","1976"
"X1977.1977.7012.1.5.","1977","1977"
"X1978.1978.6597.1.4.","1978","1978"
"X1979.1979.7050.1.4.","1979","1979"
"X1980.1980.6865.1.3.","1980","1980"
"X1981.1981.5994.1.4.","1981","1981"
"X1982.1982.7052.1.4.","1982","1982"
"X1983.1983.6356.1.2.","1983","1983"
"X1984.1984.5752.1.4.","1984","1984"
"X1985.1985.5425.1.3.","1985","1985"
"X1986.1986.4996.1.0.","1986","1986"
"X1987.1987.4240.0.9.","1987","1987"
"X1988.1988.3884.0.8.","1988","1988"
"X1989.1989.3270.0.7.","1989","1989"
"X1990.1990.2987.0.6.","1990","1990"
"X1991.1991.2410.0.5.","1991","1991"
"X1992.1992.2223.0.4.","1992","1992"
"X1993.1993.1779.0.4.","1993","1993"
"X1994.1994.1568.0.3.","1994","1994"
"X1995.1995.1272.0.3.","1995","1995"
"X1996.1996.1131.0.2.","1996","1996"
"X1997.1997.1014.0.2.","1997","1997"
"X1998.1998.862.0.2.","1998","1998"
"X1999.1999.829.0.2.","1999","1999"
"X2000.2000.767.0.2.","2000","2000"
"X2001.2001.761.0.2.","2001","2001"
"X2002.2002.734.0.1.","2002","2002"
"X2003.2003.739.0.1.","2003","2003"
"X2004.2004.889.0.2.","2004","2004"
"X2005.2005.999.0.2.","2005","2005"
"X2006.2006.1157.0.2.","2006","2006"
"X2007.2007.1260.0.3.","2007","2007"
"X2008.2008.1425.0.3.","2008","2008"
"X2009.2009.1852.0.4.","2009","2009"
"X2010.2010.3421.0.7.","2010","2010"
"X2011.2011.9540.1.9.","2011","2011"
"X2012.2012.34162.6.9.","2012","2012"
"X9999.Unspecified.3198.0.6.","9999","Unspecified"
"Notes.This.variable.provides.information.on.the.month.in.which.the.deceased.was.born.","Notes","This"
"X1.January.49081.9.9.","1","January"
"X2.February.38899","2","February"
"X3.March.44647.7.9.","3","March"
"X4.April.41261.9.0.","4","April"
"X5.May.39542","5","May"
"X6.June.46518.8.3.","6","June"
"X7.July.38463.8.0.","7","July"
"X8.August.39523","8","August"
"X9.September.39792.9.4.","9","September"
"X10.October.38725","10","October"
"X11.November.35293.8.1.","11","November"
"X12.December.39935","12","December"
"X99.Unspecified.3198.0.6.","99","Unspecified"
"Notes.This.variable.provides.information.on.the.day.in.which.the.deceased.was.born.","Notes","This"
"X11.26284.5.3.","11","26284"
"X22.19294.3.9.","22","19294"
"X33.18692.3.8.","33","18692"
"X44.18472.3.7.","44","18472"
"X55.18493.3.7.","55","18493"
"X66.18583.3.8.","66","18583"
"X77.16644.3.4.","77","16644"
"X88.15755.3.2.","88","15755"
"X99.14916.3.0.","99","14916"
"X10.10.22024.4.5.","10","10"
"X11.11.16154.3.3.","11","11"
"X12.12.19636.4.0.","12","12"
"X13.13.14036.2.8.","13","13"
"X14.14.15189.3.1.","14","14"
"X15.15.18377.3.7.","15","15"
"X16.16.17194.3.5.","16","16"
"X17.17.14391.2.9.","17","17"
"X18.18.13989.2.8.","18","18"
"X19.19.12975.2.6.","19","19"
"X20.20.16329.3.3.","20","20"
"X21.21.13353.2.7.","21","21"
"X22.22.13556.2.7.","22","22"
"X23.23.13955.2.8.","23","23"
"X24.24.14523.2.9.","24","24"
"X25.25.16729.3.4.","25","25"
"X26.26.13921.2.8.","26","26"
"X27.27.13825.2.8.","27","27"
"X28.28.15124.3.1.","28","28"
"X29.29.11804.2.4.","29","29"
"X30.30.11182.2.3.","30","30"
"X31.31.6280.1.3.","31","31"
"X99.Unspecified.3198.0.6.","99","Unspecified"
"Notes.This.variable.refers.to.the.age.of.the.deceased.in.completed.years.at.the.time.of.death.","Notes","This"
"X0.0","0","0"
"X1.1.40992.8.3.","1","1"
"X2.2","2","2"
"X3.3.5175.1.0.","3","3"
"X4.4","4","4"
"X5.5.2216.0.4.","5","5"
"X6.6","6","6"
"X7.7.1603.0.3.","7","7"
"X8.8","8","8"
"X9.9.1330.0.3.","9","9"
"X10.10","10","10"
"X11.11.1227.0.2.","11","11"
"X12.12","12","12"
"X13.13.1025.0.2.","13","13"
"X14.14","14","14"
"X15.15.956.0.2.","15","15"
"X16.16","16","16"
"X17.17.804.0.2.","17","17"
"X18.18","18","18"
"X19.19.748.0.2.","19","19"
"X20.20","20","20"
"X21.21.762.0.2.","21","21"
"X22.22","22","22"
"X23.23.747.0.2.","23","23"
"X24.24","24","24"
"X25.25.801.0.2.","25","25"
"X26.26","26","26"
"X27.27.830.0.2.","27","27"
"X28.28","28","28"
"X29.29.908.0.2.","29","29"
"X30.30","30","30"
"X31.31.1115.0.2.","31","31"
"X32.32","32","32"
"X33.33.1181.0.2.","33","33"
"X34.34","34","34"
"X35.35.1381.0.3.","35","35"
"X36.36","36","36"
"X37.37.1697.0.3.","37","37"
"X38.38","38","38"
"X39.39.1934.0.4.","39","39"
"X40.40.6716","40","40"
"X41.41.6370.1.4.","41","41"
"X42.42.6992.1.3.","42","42"
"X43.43.6610.1.4.","43","43"
"X44.44.6377.1.3.","44","44"
"X45.45.5955.1.3.","45","45"
"X46.46.6299.1.2.","46","46"
"X47.47.6327.1.3.","47","47"
"X48.48.6748.1.3.","48","48"
"X49.49.6841.1.4.","49","49"
"X50.50.6362.1.4.","50","50"
"X51.51.6119.1.3.","51","51"
"X52.52.6780.1.2.","52","52"
"X53.53.6691.1.4.","53","53"
"X54.54.6844.1.4.","54","54"
"X55.55.6537.1.4.","55","55"
"X56.56.6356.1.3.","56","56"
"X57.57.6325.1.3.","57","57"
"X58.58.6566.1.3.","58","58"
"X59.59.6875.1.3.","59","59"
"X60.60.6682.1.4.","60","60"
"X61.61.6506.1.4.","61","61"
"X62.62.7193.1.3.","62","62"
"X63.63.6772.1.5.","63","63"
"X64.64.6550.1.4.","64","64"
"X65.65.6433.1.3.","65","65"
"X66.66.6046.1.3.","66","66"
"X67.67.5801.1.2.","67","67"
"X68.68.5591.1.2.","68","68"
"X69.69.6244.1.1.","69","69"
"X70.70.6115.1.3.","70","70"
"X71.71.6388.1.2.","71","71"
"X72.72.7076.1.3.","72","72"
"X73.73.6175.1.4.","73","73"
"X74.74.5985.1.2.","74","74"
"X75.75.5862.1.2.","75","75"
"X76.76.5766.1.2.","76","76"
"X77.77.5266.1.2.","77","77"
"X78.78.5438.1.1.","78","78"
"X79.79.5353.1.1.","79","79"
"X80.80.4834.1.1.","80","80"
"X81.81.5381.1.0.","81","81"
"X82.82.6292.1.1.","82","82"
"X83.83.5114.1.0.","83","83"
"X84.84.4449.0.9.","84","84"
"X85.85.3868.0.8.","85","85"
"X86.86.3756.0.8.","86","86"
"X87.87.3427.0.7.","87","87"
"X88.88.3012.0.6.","88","88"
"X89.89.2405.0.5.","89","89"
"X90.90.2385.0.5.","90","90"
"X91.91.2539.0.5.","91","91"
"X92.92.2379.0.5.","92","92"
"X93.93.1923.0.4.","93","93"
"X94.94.1698.0.3.","94","94"
"X95.95.784.0.2.","95","95"
"X96.96.646.0.1.","96","96"
"X97.97.676.0.1.","97","97"
"X98.98.664.0.1.","98","98"
"X99.99.317.0.1.","99","99"
"X100.100.341.0.1.","100","100"
"X101.101.179.0.0.","101","101"
"X102.102.152.0.0.","102","102"
"X103.103.52.0.0.","103","103"
"X104.104.31.0.0.","104","104"
"X105.105.27.0.0.","105","105"
"X106.106.26.0.0.","106","106"
"X107.107.25.0.0.","107","107"
"X108.108.22.0.0.","108","108"
"X109.109.13.0.0.","109","109"
"X110.110.25.0.0.","110","110"
"X111.111.23.0.0.","111","111"
"X112.112.19.0.0.","112","112"
"X113.113.5.0.0.","113","113"
"X115.115.1.0.0.","115","115"
"X121.121.1.0.0.","121","121"
"X999.Unspecified.2772.0.6.","999","Unspecified"
"Notes.This.variable.refers.to.the.year.in.which.a.death.was.registered.","Notes","This"
"X2012.2012","2012","2012"
"X2013.2013.488075","2013","2013"
"X2014.2014.6786.1.4.","2014","2014"
"Notes.This.variable.refers.to.the.month.in.which.the.death.was.registered.","Notes","This"
"X1.January.41227","1","January"
"X2.February.37637.7.7.","2","February"
"X3.March.38110","3","March"
"X4.April.39276.8.5.","4","April"
"X5.May.42556.9.8.","5","May"
"X6.June.42160.7.8.","6","June"
"X7.July.48301.7.7.","7","July"
"X8.August.47667","8","August"
"X9.September.38515.2.2.","9","September"
"X10.October.42075.3.8.","10","October"
"X11.November.38217.3.4.","11","November"
"X12.December.39136.3.0.","12","December"
"Notes.This.variable.provides.information.on.the.day.in.which.the.death.was.registered..3.0.","Notes","This"
"X1.1.10784","1","1"
"X2.2.18192","2","2"
"X3.3.18624","3","3"
"X4.4.15796","4","4"
"X5.5.16931","5","5"
"X6.6.17841","6","6"
"X7.7.14964","7","7"
"X8.8.13289","8","8"
"X9.9.14546","9","9"
"X10.10.22140","10","10"
"X11.11.15584","11","11"
"X12.12.17731","12","12"
"X13.13.19221","13","13"
"X14.14.14703","14","14"
"X15.15.12958","15","15"
"X16.16.18166","16","16"
"X17.17.14859","17","17"
"X18.18.17330","18","18"
"X19.19.17524","19","19"
"X20.20.18589","20","20"
"X21.21.13342.2.7.","21","21"
"X22.22.13517.3.7.","22","22"
"X23.23.18360","23","23"
"X24.24.14173.3.1.","24","24"
"X25.25.15133.3.9.","25","25"
"X26.26.15281.2.6.","26","26"
"X27.27.19325.3.5.","27","27"
"X28.28.15220","28","28"
"X29.29.12877","29","29"
"X30.30.17364","30","30"
"X31.31.10513","31","31"
"Notes.This.variable.provides.information.on.the.sex.of.the.deceased.","Notes","This"
"X1.Male.257509.52.0.","1","Male"
"X2.Female.234504","2","Female"
"X9.Unspecified.2864.0.6.","9","Unspecified"
"Notes.This.variable.provides.information.on.the.marital.status.of.the.deceased.","Notes","This"
"X1.Never.Married.234816.47.4.","1","Never"
"X2.Married.112495.22.7.","2","Married"
"X3.Widowed.45971.9.3.","3","Widowed"
"X4.Divorced.8607.1.7.","4","Divorced"
"X5.Not.applicable.14401.2.9.","5","Not"
"X8.Unknown.894.0.2.","8","Unknown"
"X9.Unspecified.77693.15.7.","9","Unspecified"
"Notes.This.variable.provides.information.on.the.relationship.of.the.informant.to.the.deceased.","Notes","This"
"X1.Parent.89811.18.1.","1","Parent"
"X2.Spouse.36575.7.4.","2","Spouse"
"X3.Child.82026","3","Child"
"X4.Other.kin.27948.5.6.","4","Other"
"X5.Other.183535.37.1.","5","Other"
"X8.Unknown.840.0.2.","8","Unknown"
"X9.Unspecified.74142","9","Unspecified"
"Notes.This.variable.provides.information.on.the.smoking.status.of.next.of.kin.of.deceased.","Notes","This"
"X1.Smoking.12505.2.5.","1","Smoking"
"X2.Not.smoking.51744.10.5.","2","Not"
"X3.Refused.to.answer.1570.0.3.","3","Refused"
"X8.Unknown.105.0.0.","8","Unknown"
"X9.Unspecified.428953","9","Unspecified"
"Notes.This.variable.provides.information.on.the.highest.level.of.education.that.the.deceased.completed.or.achieved.","Notes","This"
"X0.None.76344.15.4.","0","None"
"X1.Grade.R.2359.0.5.","1","Grade R"
"X2.Sub.A.Gr1.3707.0.7.","2","Sub A"
"X3.Sub.B.Gr2.5433.1.1.","3","Sub B"
"X4.Std.1.Gr3.7547.1.5.","4","Std 1"
"X5.Std.2.Gr4.11949.2.4.","5","Std 2"
"X6.Std.3.Gr5.10996.2.2.","6","Std 3"
"X7.Std.4.Gr6.13434.2.7.","7","Std 4"
"X8.Std.5.Gr7.17111.3.5.","8","Std 5"
"X9.Std.6.Gr8.21458.4.3.","9","Std 6"
"X10.Std.7.Gr9.11790.2.4.","10","Std 7"
"X11.Std.8.Gr10.Form3.NTC1.21219.4.3.","11","Std 8"
"X12.Std.9.Gr11.Form4.NTC2.13038.2.6.","12","Std 9"
"X13.Std.10.Gr12.Form5.NTC3.36128.7.3.","13","Std 10"
"X14.University...Tech.8587.1.7.","14","University"
"X97.Unknown.16039.3.2.","97","Unknown"
"X98.Not.applicable.14401.2.9.","98","Not"
"X99.Unspecified.203337","99","Unspecified"
"Notes.This.variable.provides.information.on.the.sub.groups.of.the.usual.occupation.of.the.deceased..Usual.occupation.refers.to.the","Notes","This"
"X8.Occupations.unspecified.not.elsewhere.classified.313787","8","Occupations"
"X9.Not.Economically.active.persons.57506.63.4.","9","Not"
"X11.Chief.executives..senior.officials.and.legislators","11","Chief"
"X12.Administrative.and.commercial.managers.390.11.6.","12","Administrative"
"X13.Production.and.specialised.services.managers.305.0.1.","13","Production"
"X14.Hospitality..retail.and.other.services.managers.315.0.1.","14","Hospitality,"
"X21.Science.and.engineering.professionals.1006.0.1.","21","Science"
"X22.Health.professionals.758.0.2.","22","Health"
"X23.Teaching.professionals.1447.0.2.","23","Teaching"
"X24.Business.and.administration.professionals.2718.0.3.","24","Business"
"X25.Information.and.Communication.Technology.professionals.1776.0.5.","25","Information"
"X26.Legal..social.and.cultural.professionals.65.0.4.","26","Legal,"
"X31.Science.and.engineering.associate.professionals.541.0.0.","31","Science"
"X32.Health.associate.professionals.720.0.1.","32","Health"
"X33.Business.and.administration.associate.professionals.281.0.1.","33","Business"
"X34.Legal..social..cultural.and.related.associate.professionals.897.0.1.","34","Legal,"
"X35.Information.and.communications.technicians.383.0.2.","35","Information"
"X41.General.and.keyboard.clerks.84.0.1.","41","General"
"X42.Customer.services.clerks.2081.0.0.","42","Customer"
"X43.Numerical.and.material.recording.clerks.435.0.4.","43","Numerical"
"X44.Other.clerical.support.workers.168.0.1.","44","Other"
"X51.Personal.services.workers.75.0.0.","51","Personal"
"X52.Sales.workers.1345.0.0.","52","Sales"
"X53.Personal.care.workers.1870.0.3.","53","Personal"
"X54.Protective.service.workers.and.armed.forces.occupations.234.0.4.","54","Protective"
"X61.Market.orientated.skilled.agricultural.workers.3892.0.0.","61","Market-orientated"
"X62.Market.orientated.skilled.forestry..fishery.and.hunting.workers.483.0.8.","62","Market-orientated"
"X63.Subsistence.farmers..fishers..hunters.and.gatherers.2006.0.1.","63","Subsistence"
"X71.Building.and.related.trades.workers..excluding.electricians.905.0.4.","71","Building"
"X72.Metal..machinery.and.related.trades.workers.2839.0.2.","72","Metal,"
"X73.Handicraft.and.printing.workers.2151.0.6.","73","Handicraft"
"X74.Electrical.and.electronic.trades.workers.212.0.4.","74","Electrical"
"X75.Food.processing..wood.working..garment.and.other.craft.and.related.838.0.0.","75","Food"
"X81.Stationary.plant.and.machine.operators.0.1.","81","Stationary"
"X82.Assemblers.3364","82","Assemblers"
"X83.Drivers.and.mobile.plant.operators.21.0.7.","83","Drivers"
"X91.Cleaners.and.helpers.4581.0.0.","91","Cleaners"
"X92.Agricultural..forestry.and.fishery.labourers.9282.0.9.","92","Agricultural,"
"X93.Labourers.in.mining..construction..manufacturing.and.transport.1381.0.3.","93","Labourers"
"X94.Food.preparation.assistants.24.0.0.","94","Food"
"X95.Street.and.related.sales.and.service.workers.151.0.0.","95","Street"
"X96.Refuse.workers.and.other.elementary.workers.10954.2.2.","96","Refuse"
"X98.Not.Applicable.60124.12.1.","98","Not"
"X99.Underground.Economy.and.related.activities.9.0.0.","99","Underground"
"Notes.This.variable.provides.information.on.the.usual.occupation.of.the.deceased..Usual.occupation.refers.to.the.type.of.work.done","Notes","This"
"X0.Armed.forces..occupations.unspecified.and.not.elsewhere.classified..371293.75.0.","0","Armed"
"X1.Legislators..senior.officials.and.managers.2016.0.4.","1","Legislators,"
"X2.Professionals.7305.1.5.","2","Professionals"
"X3.Technicians.and.Associate.professionals.2365.0.5.","3","Technicians"
"X4.Clerks.2759.0.6.","4","Clerks"
"X5.Service.workers..shop.and.market.sales.workers.7341.1.5.","5","Service"
"X6.Skilled.agricultural.and.fishery.workers.3394.0.7.","6","Skilled"
"X7.Craft.and.related.trade.workers..6659.1.3.","7","Craft"
"X8.Plant.and.machine.operators.and.assemblers.7966.1.6.","8","Plant"
"X9.Elementary.occupations.23655.4.8.","9","Elementary"
"X99.Not.applicable.60124.12.1.","99","Not"
"Notes.This.variable.provides.information.on.the.type.of.business.or.industry.where.the.deceased.worked.most.of.his.or.her.working","Notes","This"
"X10.Private.households.with.employed.persons.11334.2.3.","10","Private"
"X20.Exterritorial.organisations.0.0.","20","Exterritorial"
"X30.Representatives.of.foreign.governments.25.0.0.","30","Representatives"
"X60.Not.economically.active.8","60","Not"
"X70.Unemployed.peole..people.seeking.work.e.c.t..57604.11.6.","70","Unemployed"
"X80.Unspecified.activities.55691.11.3.","80","Unspecified"
"X90.Other.activities.not.adequately.defined.241686","90","Other"
"X111.Growing.of.crops..market.gardening..horticulture.19954.4.0.","111","Growing"
"X112.Farming.of.animals.691.0.1.","112","Farming"
"X113.Growing.of.crops.combined.with.farming.of.animals..mixed.66.0.0.","113","Growing"
"X114.56","114","56"
"X115.activities.10","115","activities"
"X116.Hunting..trapping.and.game.propagation..including.related.services.6.0.0.","116","Hunting;"
"X121.Production.of.organic.fertilizer.30.0.0.","121","Production"
"X122.Forestry.and.related.services.4.0.0.","122","Forestry"
"X131.Logging.and.related.services.27.0.0.","131","Logging"
"X132.Ocean.and.coastal.fishing.16.0.0.","132","Ocean"
"X210.Fish.hatcheries.and.fish.farms.258.0.0.","210","Fish"
"X221.Mining.of.Coal.and.Lignite.2.0.1.","221","Mining"
"X230.incidental.to.oil.and.gas.extraction..excluding.surveying.6","230","incidental"
"X241.Mining.of.gold.and.uranium.ore.3.0.0.","241","Mining"
"X242.Mining.of.iron.ore.8.0.0.","242","Mining"
"X251.Mining.of.non.ferrous.metal.ores..except.gold.and.uranium.3.0.0.","251","Mining"
"X252.Stone.quarrying..clay.and.sand.pits.4.0.0.","252","Stone"
"X253.Mining.of.diamonds..including.alluvial.diamonds..4669.0.0.","253","Mining"
"X290.Mining.and.quarrying.n.e.c..4.0.9.","290","Mining"
"X301.Services.activities.incidental.to.mining.of.minerals.250.0.0.","301","Services"
"X302.fruit.vegetables..oils.and.fats.25","302","fruit,vegetables,"
"X303.Manufacture.of.dairy.products.20.0.0.","303","Manufacture"
"X304.prepared.animal.feeds.44","304","prepared"
"X305.Manufacture.of.other.food.products.24.0.0.","305","Manufacture"
"X306.Manufacture.of.beverages.3.0.0.","306","Manufacture"
"X311.Manufacture.of.tobacco.products.97.0.0.","311","Manufacture"
"X312.Spinning..weaving.and.finishing.of.textiles.34.0.0.","312","Spinning,"
"X313.Manufacture.of.other.textiles.24.0.0.","313","Manufacture"
"X314.Manufacture.of.knitted.and.crocheted.fabrics.and.articles.94.0.0.","314","Manufacture"
"X315.Manufacture.of.wearing.apparel..except.fur.apparel.3.0.0.","315","Manufacture"
"X316.Dressing.and.dyeing.of.fur..manufacture.of.articles.of.fur.13.0.0.","316","Dressing"
"X317.saddlery.and.harness.8","317","saddlery"
"X321.Manufacture.of.footwear.9.0.0.","321","Manufacture"
"X322.Sawmilling.and.planing.of.wood.16.0.0.","322","Sawmilling"
"X323.Manufacture.of.products.of.wood..cork..straw.and.plaiting.materials.11.0.0.","323","Manufacture"
"X324.Manufacture.of.paper.and.paper.products.8.0.0.","324","Manufacture"
"X325.Publishing.33.0.0.","325","Publishing"
"X331.Printing.and.service.activities.related.to.printing.3.0.0.","331","Printing"
"X332.Manufacture.of.coke.oven.products.9.0.0.","332","Manufacture"
"X333.Petroleum.refineries.synthesisers.2.0.0.","333","Petroleum"
"X334.Processing.of.nuclear.fuel.11.0.0.","334","Processing"
"X335.Manufacture.of.basic.chemicals.8.0.0.","335","Manufacture"
"X337.Manufacture.of.other.chemical.products.10.0.0.","337","Manufacture"
"X338.5","338","5"
"X341.Manufacture.of.plastic.products.12.0.0.","341","Manufacture"
"X342.Manufacture.of.glass.and.glass.products.15.0.0.","342","Manufacture"
"X351.Manufacture.of.non.metallic.mineral.products.n.e.c..139.0.0.","351","Manufacture"
"X352.Manufacture.of.basic.iron.and.steel.15.0.0.","352","Manufacture"
"X353.Manufacture.of.basic.precious.and.non.ferrous.metals.25.0.0.","353","Manufacture"
"X354.Casting.of.metals.4.0.0.","354","Casting"
"X355.steam.generators.8","355","steam"
"X356.activities.2","356","activities"
"X357.Manufacture.of.general.purpose.machinery.4.0.0.","357","Manufacture"
"X358.Manufacture.of.special.purpose.machinery.2.0.0.","358","Manufacture"
"X359.Manufacture.of.household.appliances.n.e.c..6.0.0.","359","Manufacture"
"X361.Manufacture.of.office..accounting.and.computing.machinery.3.0.0.","361","Manufacture"
"X362.Manufacture.of.electric.motors..generators.and.transformers.2.0.0.","362","Manufacture"
"X365.Manufacture.of.electricity.distribution.and.control.apparatus.2.0.0.","365","Manufacture"
"X366.Manufacture.of.electric.lamps.and.lighting.equipment.1.0.0.","366","Manufacture"
"X371.Manufacture.of.other.electrical.equipment.n.e.c..1.0.0.","371","Manufacture"
"X372.components.1","372","components"
"X374.line.telephony.and.line.telegraphy.2","374","line"
"X381.for.measuring..checking..testing..navigating.and.other.purposes..40","381","for"
"X382.except.optical.instruments.1.0.0.","382","except"
"X383.Manufacture.of.bodies..coachwork..for.motor.vehicles..manufacture.3","383","Manufacture"
"X384.Manufacture.of.parts.and.accessories.for.motor.vehicles.and.their.1","384","Manufacture"
"X387.engines.1.0.0.","387","engines"
"X391.Building.and.repairing.of.ships.and.boats.13.0.0.","391","Building"
"X392.Manufacture.of.transport.equipment.n.e.c..3035.0.0.","392","Manufacture"
"X395.Manufacture.of.furniture.9.0.6.","395","Manufacture"
"X411.Manufacture.n.e.c..1345.0.0.","411","Manufacture"
"X412.Recycling.n.e.c..6.0.3.","412","Recycling"
"X413.Production..collection.and.distribution.of.electricity.3.0.0.","413","Production,"
"X420.Manufacture.of.gas..distribution.of.gaseous.fuels.through.mains.5.0.0.","420","Manufacture"
"X501.Steam.and.hot.water.supply.266.0.0.","501","Steam"
"X502.Collection..purification.and.distribution.of.water.4634.0.1.","502","Collection,"
"X503.Building.of.complete.constructions.or.parts.thereof..civil.42","503","Building"
"X504.engineering.304.0.0.","504","engineering"
"X505.Building.installation.1.0.1.","505","Building"
"X611.Building.completion.470.0.0.","611","Building"
"X612.34","612","34"
"X613.beverages.and.tobacco.18","613","beverages"
"X614.Wholesale.trade.in.household.goods.9.0.0.","614","Wholesale"
"X615.and.scrap.2","615","and"
"X619.Wholesale.trade.in.machinery..equipment.and.supplies.8.0.0.","619","Wholesale"
"X621.Other.wholesale.trade.65.0.0.","621","Other"
"X622.Non.specialised.retail.trade.in.stores.409.0.0.","622","Non-specialised"
"X623.Retail.trade.in.food..beverages.and.tobacco.in.specialised.stores.4195.0.1.","623","Retail"
"X624.Other.retail.trade.in.new.goods.in.specialised.stores.5.0.8.","624","Other"
"X625.Retail.trade.in.second.hand.goods.in.stores.34.0.0.","625","Retail"
"X626.Retail.trade.not.in.stores.3.0.0.","626","Retail"
"X631.Repair.of.personal.and.household.goods.117.0.0.","631","Repair"
"X632.Sale.of.motor.vehicles.287.0.0.","632","Sale"
"X633.Maintenance.and.repair.of.motor.vehicles.77.0.1.","633","Maintenance"
"X634.Sale.of.motor.vehicle.parts.and.accessories.12.0.0.","634","Sale"
"X635.Sale..maintenance.and.repair.of.motor.cycles.and.related.parts.and.218.0.0.","635","Sale,"
"X641.Retail.sale.of.automotive.fuel.233.0.0.","641","Retail"
"X642.accommodation.215","642","accommodation"
"X711.Restaurants..bars.and.canteens.652.0.0.","711","Restaurants,"
"X712.Railway.transport.3209.0.1.","712","Railway"
"X713.Other.land.transport.28.0.6.","713","Other"
"X721.Transport.via.pipelines.22.0.0.","721","Transport"
"X730.Sea.and.coastal.water.transport.38.0.0.","730","Sea"
"X741.Air.transport.25.0.0.","741","Air"
"X751.agencies.131","751","agencies"
"X752.Postal.and.related.courier.activities.64.0.0.","752","Postal"
"X811.Telecommunications.407.0.0.","811","Telecommunications"
"X819.Monetary.intermediation.17.0.1.","819","Monetary"
"X821.Other.financial.intermediation.n.e.c..66.0.0.","821","Other"
"X831.Insurance.and.pension.funding..except.compulsory.social.security.15.0.0.","831","Insurance"
"X832.pension.funding.13","832","pension"
"X841.Activities.auxiliary.to.insurance.and.pension.funding.34.0.0.","841","Activities"
"X842.Real.estate.activities.with.own.or.leased.property.7.0.0.","842","Real"
"X851.Real.estate.activities.on.a.fee.or.contract.basis.2.0.0.","851","Real"
"X853.Renting.of.transport.equipment.1.0.0.","853","Renting"
"X861.Renting.of.personal.and.household.goods.n.e.c..1.0.0.","861","Renting"
"X865.Hardware.consultancy.3.0.0.","865","Hardware"
"X871.machinery.2","871","machinery"
"X881.Legal..accounting..bookkeeping.and.auditing.activities..tax.137.0.0.","881","Legal,"
"X882.Architectural..engineering.and.other.technical.activities.23.0.0.","882","Architectural,"
"X883.Advertising.12.0.0.","883","Advertising"
"X889.Business.activities.n.e.c..1689.0.3.","889","Business"
"X911.Central.government.activities.3083.0.6.","911","Central"
"X912.Regional.services.council.activities.246.0.0.","912","Regional"
"X913.Local.authority.activities.227.0.0.","913","Local"
"X920.Educational.services.2895.0.6.","920","Educational"
"X931.Human.health.activities.1723.0.3.","931","Human"
"X932.Veterinary.activities.16.0.0.","932","Veterinary"
"X933.Social.work.activities.37.0.0.","933","Social"
"X940.Sewage.and.refuse.disposal..sanitation.and.similar.activities.47.0.0.","940","Sewage"
"X951.Activities.of.business..employers..and.professional.organisations.3.0.0.","951","Activities"
"X952.Activities.of.trade.unions.4.0.0.","952","Activities"
"X959.Activities.of.other.membership.organisations.136.0.0.","959","Activities"
"X961.Motion.picture..radio..television.and.other.entertainment.activities.52.0.0.","961","Motion"
"X962.News.agency.activities.17.0.0.","962","News"
"X963.Library..archives..museums.and.other.cultural.activities.26.0.0.","963","Library,"
"X964.Sporting.and.other.recreational.activities.15.0.0.","964","Sporting"
"X990.Other.service.activities.3114.0.6.","990","Other"
"X998.Not.Applicable.60124.12.1.","998","Not"
"Notes.This.variable.provides.information.on.the.smoking.status.of.the.deceased.five.years.before.death..A.smoker.is.defined.as","Notes","This"
"X1.Yes.74160","1","Yes"
"X2.No.167317.33.8.","2","No"
"X3.Do.not.know.79811","3","Do"
"X4.Not.applicable.5163.1.0.","4","Not"
"X8.Unknown.284.0.1.","8","Unknown"
"X9.Unspecified.168142","9","Unspecified"
"Notes.This.variable.provides.information.on.whether.or.not.females.of.reproductive.age..10.55..were.pregnant.42.days.prior.to","Notes","This"
"X1.Yes.1305.0.3.","1","Yes"
"X2.No.21870.4.4.","2","No"
"X3.Not.applicable.393585.79.5.","3","Not"
"X8.Unknown.1177.0.2.","8","Unknown"
"X9.Unspecified.76940.15.5.","9","Unspecified"
"Notes.This.variable.provides.information.on.the.place.citizenship.of.the.deceased.","Notes","This"
"X1.South.Africa.473210.95.6.","1","South"
"X2.Zimbabwe.3731.0.8.","2","Zimbabwe"
"X3.Swaziland.313.0.1.","3","Swaziland"
"X4.Botswana.132.0.0.","4","Botswana"
"X5.Lesotho.1250.0.3.","5","Lesotho"
"X6.Mozambique.1913.0.4.","6","Mozambique"
"X7.Namibia.37.0.0.","7","Namibia"
"X8.Mauritius.10.0.0.","8","Mauritius"
"X9.Angola.67.0.0.","9","Angola"
"X10.Zambia.67.0.0.","10","Zambia"
"X11.Malawi.474.0.1.","11","Malawi"
"X12.Tanzania.40.0.0.","12","Tanzania"
"X13.Madagascar.5.0.0.","13","Madagascar"
"X14.DRC.96.0.0.","14","DRC"
"X15.Other.1686.0.3.","15","Other"
"X97.Unknown.482.0.1.","97","Unknown"
"X99.Unspecified.11364.2.3.","99","Unspecified"
"Notes.This.variable.provides.information.on.the.province.of.birth.of.the.deceased.based.on.the.2011.municipal.boundaries..It.was","Notes","This"
"X1.Western.Cape.27147.5.5.","1","Western"
"X2.Eastern.Cape.69541","2","Eastern"
"X3.Northern.Cape.13591.2.7..14.1.","3","Northern"
"X4.Free.State.34389.17.2.","4","Free"
"X5.KwaZulu.Natal.85283.6.9.","5","KwaZulu-Natal"
"X6.North.West.31871","6","North"
"X7.Gauteng.50675.6.4.","7","Gauteng"
"X8.Mpumalanga.33978.6.9.","8","Mpumalanga"
"X9.Limpopo.49939.10.1.","9","Limpopo"
"X97.Unknown.17688.3.6.","97","Unknown"
"X98.Outside.South.Africa.14245.2.9.","98","Outside"
"X99.Unspecified.66530.13.4.","99","Unspecified"
"Notes.This.variable.provides.information.on.the.province.of.birth.of.the.deceased.based.on.the.2011.municipal.boundaries..It.was","Notes","This"
"X1.Western.Cape.47609.9.6.","1","Western"
"X2.Eastern.Cape.66200.13.4.","2","Eastern"
"X3.Northern.Cape.14379.2.9.","3","Northern"
"X4.Free.State.36219.7.3.","4","Free"
"X5.KwaZulu.Natal.100185.20.2.","5","KwaZulu-Natal"
"X6.North.West.37030.7.5.","6","North"
"X7.Gauteng.102011","7","Gauteng"
"X8.Mpumalanga.37401.7.6.","8","Mpumalanga"
"X9.Limpopo.50397.10.2.","9","Limpopo"
"X97.Unknown.2251.0.5.","97","Unknown"
"X98.Outside.South.Africa.700.0.1.","98","Outside"
"X99.Unspecified.495.0.1.","99","Unspecified"
"Notes.This.variable.provides.information.on.the.province.of.usual.residence.of.the.deceased.based.on.the.2011.municipal","Notes","This"
"X1.Western.Cape.45469.9.2.","1","Western"
"X2.Eastern.Cape.64362","2","Eastern"
"X3.Northern.Cape.14133.13.0.","3","Northern"
"X4.Free.State.35518","4","Free"
"X5.KwaZulu.Natal.98406.7.2.","5","KwaZulu-Natal"
"X6.North.West.36238","6","North"
"X7.Gauteng.96872.7.3..19.9.","7","Gauteng"
"X8.Mpumalanga.38378.19.6.","8","Mpumalanga"
"X9.Limpopo.48491","9","Limpopo"
"X97.Unknown.1060.7.8.","97","Unknown"
"X98.Outside.South.Africa.1131.9.8.","98","Outside"
"X99.Unspecified.14819.3.0.","99","Unspecified"
"Notes.This.variable.provides.information.on.the.country.of.usual.residence.of.the.deceased.","Notes","This"
"X1.South.Africa.479731.96.9.","1","South"
"X2.Zimbabwe.88.0.0.","2","Zimbabwe"
"X3.Swaziland.16.0.0.","3","Swaziland"
"X4.Botswana.6.0.0.","4","Botswana"
"X5.Lesotho.65.0.0.","5","Lesotho"
"X6.Mozambique.44.0.0.","6","Mozambique"
"X7.Namibia.6.0.0.","7","Namibia"
"X8.Mauritius.1.0.0.","8","Mauritius"
"X9.Angola.10.0.0.","9","Angola"
"X10.Zambia.1.0.0.","10","Zambia"
"X11.Malawi.5.0.0.","11","Malawi"
"X12.Tanzania.1.0.0.","12","Tanzania"
"X14.DRC.1.0.0.","14","DRC"
"X15.Other.38.0.0.","15","Other"
"X97.Unknown.97.0.0.","97","Unknown"
"X99.Unspecified.14767.3.0.","99","Unspecified"
"Notes.This.variable.provides.information.on.the.method.used.to.ascertain.the.cause.of.death","Notes","This"
"X1.Autopsy.41860.8.5.","1","Autopsy"
"X2.Post.mortem.examination.103390.20.9.","2","Post"
"X3.Opinion.of.attending.medical.practitioner.101452.20.5.","3","Opinion"
"X4.Opinion.of.attending.medical.practitioner.on.duty.22027.4.5.","4","Opinion"
"X5.Opinion.of.registered.professional.nurse.51533.10.4.","5","Opinion"
"X6.Interview.of.family.member.19890.4.0.","6","Interview"
"X7.Other.7195.1.5.","7","Other"
"X8.Autopsy.results.may.be.available.later.166.0.0.","8","Autopsy"
"X9.Autopsy.not.performed.3903.0.8.","9","Autopsy"
"X98.Unknown.4089.0.8.","98","Unknown"
"X99.Unspecified.139372","99","Unspecified"
"Notes.This.variable.provides.information.on.the.place.or.institution.at.which.the.person.died.","Notes","This"
"X1.Hospital.214763.23.9..43.4.","1","Hospital"
"X2.Emergency.room...Out.patient.8229.1.7..Percentage","2","Emergency"
"X3.Dead.on.arrival.9446.1.9.","3","Dead"
"X4.Nursing.home.9747.2.0.","4","Nursing"
"X5.Home.120053","5","Home"
"X6.Other.13774.2.8.","6","Other"
"X8.Unknown.695.0.1.","8","Unknown"
"X9.Unspecified.118170","9","Unspecified"
"Notes.This.variable.provides.information.on.the.immediate.cause.of.death.","Notes","This"
"Notes.This.variable.provides.information.on.the.injury.codes.for.non.natural.causes.of.death.","Notes","This"
"X111.Natural.cause..No.injury.code..451481.0.0.","111","Natural"
"Notes.This.variable.provides.information.on.the.second.condition.leading.to.death.","Notes","This"
"Notes.This.variable.provides.information.on.the.injury.codes.for.non.natural.causes.of.death.","Notes","This"
"X111.Natural.cause..No.injury.code..203434","111","Natural"
"X888.Second.condition.leading.to.death.not.mentioned.287409.0.0.","888","Second"
"Notes.This.variable.provides.information.on.the.third.condition.leading.to.death.","Notes","This"
"Notes.This.variable.provides.information.on.the.injury.codes.for.non.natural.causes.of.death.","Notes","This"
"X111.Natural.cause..No.injury.code..78675","111","Natural"
"X888.Third.condition.leading.to.death.not.mentioned.414363.15.9..83.7.","888","Third"
"Notes.This.variable.provides.information.on.the.fourth.condition.leading.to.death.","Notes","This"
"Notes.This.variable.provides.information.on.the.injury.codes.for.non.natural.causes.of.death.","Notes","This"
"X111.Natural.cause..No.injury.code..22454","111","Natural"
"X888.Fourth.condition.leading.to.death.not.mentioned.471710.0.0.","888","Fourth"
"Notes.This.variable.provides.information.on.other.conditions.leading.to.death.","Notes","This"
"X888.489818","888","489818"
"Notes.This.variable.provides.information.on.the.injury.codes.for.non.natural.causes.of.death.","Notes","This"
"X111.4856","111","4856"
"X888.Natural.cause..No.injury.code..489818.0.0.","888","Natural"
"Notes.This.variable.provides.information.on.conditions.leading.to.death.provided.on.the.first.line.of.Part.2.of.the.death.notification","Notes","This"
"X888.493796","888","493796"
"Notes.This.variable.provides.information.on.the.injury.codes.for.non.natural.causes.of.death.provided.on.the.first.line.on.part.2.of","Notes","This"
"X111.Natural.cause..no.injury.code..1063.0.2.","111","Natural"
"X888.First.cause.of.death.on.part.2.not.mentioned.493796.99.8.","888","First"
"Notes.This.variable.provides.information.on.conditions.leading.to.death.provided.on.the.second.line.of.Part.2.of.the.death","Notes","This"
"X888.Second.cause.of.death.on.part.2.not.mentioned.494859.100.0.","888","Second"
"Notes.This.variable.provides.information.on.the.injury.codes.for.non.natural.causes.of.death.provided.on.the.second.line.on.part.2","Notes","This"
"X111.Natural.cause..No.injury.code...17.0.0.","111","Natural"
"X888.Second.cause.of.death.on.part.2.not.mentioned.494859.100.0.","888","Second"
"Notes.This.variable.provides.information.on.the.underlying.cause.of.death..An.underlying.cause.of.death.is.defined.as.the.disease","Notes","This"
"Notes.This.variable.groups.the.underlying.causes.of.death.into.broad.groups.of.death..It.is.derived.from.underlying.cause.of.death.","Notes","This"
"X8888888.14401.3.0..9.6.","8888888","14401"
"Notes.This.variable.groups.the.underlying.causes.of.death.into.main.groups..It.is.derived.from.underlying.cause.of.death.","Notes","This"
"X8888888.Stillbirth.14401.2.9.","8888888","Stillbirth"
"Notes.This.variable.groups.the.underlying.causes.of.death.into.natural.and.non.natural.causes..It.is.derived.from.underlying.cause","Notes","This"
"X1.Natural.underlying.cause.433256.87.5.","1","Natural"
"X2.Non.natural.underlying.cause.47220.9.5.","2","Non-natural"
"X8.Stillbirth.14401.2.9.","8","Stillbirth"
